"Tempo","Forza"
0,0
0.0102468713248051,6.96634775835898e-15
0.0203475789064465,6.96634775835898e-15
0.0303933894832569,8.7129920832728
0.04,6.98719039169609e-15
0.0405243362393581,1.24778717377906e-14
0.0507129393447553,9.3967094855996
0.0607515651569704,9.53843013740957
0.0709451893905011,7.93251465789359
0.08,7.38182864091205
0.0812502313423567,8.92934474577222
0.09129389722021,4.72465412930722
0.101336135408273,4.83777579605169
0.111638642945708,5.06786610602469
0.12,5.35637263497355
0.121671945316518,5.33062389568509
0.131718766932271,4.95771090007582
0.141845658699597,5.30580678643173
0.152039230297885,4.97320763968034
0.16,5.61435831906234
0.162226569250053,5.71225912578119
0.172228099930308,5.31713688304228
0.182312777433953,5.38415814878107
0.193225642819283,4.82138582067327
0.2,5.5728001304558
0.203258195694155,5.07805751902132
0.213392689168028,5.5074401927265
0.223456938653425,5.6160008362443
0.23373547683675,5.49532406710378
0.24,5.56741052511039
0.243843656339859,5.75506518894905
0.254005475343126,5.22901732055604
0.26402439734598,5.56795488683232
0.274179765294826,6.36126951843495
0.28,5.4533140772529
0.284418272764972,5.8592156280032
0.294421779590546,5.5358111211686
0.30445618673772,5.74280673102312
0.314522401555537,5.53715991861236
0.32,5.85715961674128
0.324688874455998,5.6045810662137
0.334718778138673,5.40221232952125
0.345021651500488,5.25200170112024
0.355263173398944,5.14768349203822
0.36,5.38647503937071
0.365502064732597,5.37386398861694
0.375593849617263,6.04755081069287
0.385642943948305,5.7451709922172
0.39567779781102,5.41930912243468
0.4,5.71464089949207
0.405979437530295,5.55432902364217
0.416084327271172,5.81394432561438
0.426277257661861,5.76458150253689
0.436460222812762,5.37456414289554
0.44,5.65368977997662
0.446631001856926,4.88366710181458
0.456657754005108,5.67635004690706
0.466686990934054,5.95268521846115
0.476760150672946,5.31096261403573
0.48,5.50304880441307
0.486985512291582,5.44064716466326
0.497062424199142,6.03111611186857
0.50720177660737,5.2276462036039
0.517258481204156,5.73725769659348
0.52,5.55461089157554
0.527430672578269,5.53282908668801
0.537514076087063,5.4332698654837
0.547516680394249,6.17724385891573
0.557542432375938,5.79455956628784
0.56,5.21424025796478
0.567574395312621,5.68859685974401
0.577621357171608,5.25642302922582
0.587670226941957,5.1461221318645
0.597838532793594,6.15420668559702
0.6,5.85155225370578
0.607866798419859,5.42190387771676
0.61801981486869,6.19179144684032
0.628185366569904,6.09231617534409
0.638263674072292,5.55754801400556
0.64,5.56880773410859
0.648528805928029,5.53054734855157
0.658696177332705,5.2041321994566
0.668752378273616,5.6043413857342
0.678875954149787,5.60986193527216
0.68,5.43148808467969
0.688958607359427,5.59300972137983
0.698997240067677,5.93915614136273
0.709178559512346,6.22237194071584
0.719478927290149,6.02624470482155
0.72,5.57517944492703
0.729641414340455,5.99807125377226
0.739811937445216,6.26703451849481
0.750042970118725,5.31596772534774
0.76,5.32229308714756
0.760179083405931,5.05644622830523
0.770287650149834,5.18663304009183
0.780291111760459,5.53961796291324
0.790504249771592,5.2353118739688
0.8,5.53862638815871
0.800551344271699,5.33065175982309
0.810584749385207,5.21074933110338
0.820658258951362,5.44940189154315
0.830875061554841,5.56216724254886
0.84,5.39581507791601
0.840994515574358,4.8542326286219
0.851156968199243,5.35129297327574
0.861444611191205,5.79013773383195
0.871481848948071,5.5034590425082
0.88,5.61727161493482
0.881497315344775,5.64783470162242
0.891622544531459,5.5935873666961
0.90173404866991,5.48084209664145
0.911784229392883,5.52453596371184
0.92,6.0394384069785
0.921807514329485,5.47095229682207
0.931846333250738,5.52074065360245
0.942052369984841,5.41290381577785
0.952111895890637,5.36691377819093
0.96,5.66369371959935
0.962220089510422,5.03483735652677
0.972255086182131,5.18635519244443
0.982309556114349,5.94386177536765
0.992578280679793,5.53295179055981
1,5.50045305065828
1.00259945517741,5.17468613392258
1.01265487822286,5.40516567792837
1.02281294719877,6.23859393160019
1.03319158530925,6.53722576984842
1.04,5.84102732634442
1.04338744024047,5.6240062079105
1.05353839097309,5.95060490410975
1.06355612039579,5.00665820627707
1.07360879807847,5.50754942630556
1.08,5.53881342081507
1.08384691454745,6.3555658387991
1.09390533728887,4.99808580358618
1.1039338331807,5.50152923941793
1.11418879356471,4.79393348902611
1.12,5.677602927294
1.12435994177837,5.26912442621823
1.13444409136922,6.12700696593795
1.14464934574018,5.74684517682878
1.15477151646379,5.75565621808442
1.16,5.46858253918847
1.16490075776853,5.16078730002398
1.1749854585067,5.8671911066852
1.185079898466,5.74399294481592
1.19511296840616,6.37900886880238
1.2,5.37281296299943
1.20531118982741,5.74954935221444
1.21537543479076,5.73968627716672
1.22554182424028,5.60576000137326
1.23566617871532,5.09864129185656
1.24,5.42457546538654
1.24567620329576,5.60543285011543
1.25578915951603,5.35539561334479
1.26583519751633,5.60175585283974
1.27597689802084,5.56008920071154
1.28,5.7095513287401
1.28599910604763,5.5371791850122
1.29614035940184,5.32443194748521
1.30617326452883,5.69907561974903
1.31624809454655,5.48855649724339
1.32,5.4655629115458
1.32627825940371,5.73068010180203
1.33630261065106,5.3894524806711
1.34638072377566,5.290040142866
1.35652992801838,5.52337424316653
1.36,5.46549878058568
1.3665775060064,5.64402956435404
1.37669664127705,5.33980070533872
1.38674608099382,5.24788390719042
1.39677652929478,5.53395461814982
1.4,5.26444809412337
1.40682943336045,5.751614088643
1.41687966594601,5.32482015070336
1.42690142301234,4.9618499296026
1.43705301176666,6.03348157685526
1.44,5.33813531541164
1.44713274633807,5.55196617362432
1.45729971576338,6.32885860907502
1.46738148278024,6.38875066027008
1.47747310898979,5.53252894177485
1.48,5.18676254470092
1.48750185610343,5.52079789339627
1.49753128631461,5.71937859815776
1.50755310759682,5.65303505985918
1.51760717413766,5.47680039135982
1.52,5.63873294162638
1.52764223694861,5.46973994569252
1.53768181100934,5.68661237681748
1.54770860613333,5.17026733905521
1.55780301905907,5.10125267002217
1.56,5.50724674336608
1.56785894032926,5.25997225632526
1.57793094724347,5.41859107048955
1.58819884611564,5.50382518105263
1.59834027437583,5.5161065374731
1.6,5.51837863712073
1.60838202302951,5.38824703054598
1.61839667832776,5.23012998263835
1.62881526184876,5.55179737016873
1.63905269174555,5.75200028878451
1.64,5.61678844032121
1.64916074233975,6.09278959363988
1.6593147816473,5.42892087469385
1.66936506839387,5.6980682783882
1.67953397652576,5.53291230757392
1.68,5.49392963902447
1.6896470838943,6.08052576705741
1.69975023046184,6.50043579546228
1.7099233069378,5.70545635746269
1.72,5.550846038246
1.72007300601385,4.95950913517804
1.73024575153435,4.72336129172389
1.7402619130176,5.77855248575125
1.75028562833723,5.66819248759074
1.76,5.22820115674083
1.7603658371092,5.41907317250381
1.77039535015378,5.1994859640885
1.78068679764374,5.72038410558027
1.79074155063798,5.64469000412905
1.8,5.40591022542044
1.80082908804156,5.96779212006921
1.81085351046997,5.678663002564
1.82102350632735,5.42932693570437
1.83107308437612,5.43264017448226
1.84,5.52992072181376
1.84122646429687,5.56721279535142
1.85124296731634,5.19414924853981
1.86138302198818,5.30251932371199
1.87141218037132,5.29909559686886
1.88,5.80406371304925
1.88148099550209,5.49717935504969
1.89161210453705,5.4174154251942
1.90162260261905,6.02708063605148
1.91167276206441,5.52478505840725
1.92,5.37701944526206
1.92175322912273,5.43996038344118
1.93188059010554,5.93111363841248
1.94200675646067,5.48402994329506
1.95232164162981,4.90872000761399
1.96,5.75865409035206
1.96244740285091,5.57484759121366
1.97250048602107,5.618879641107
1.98252534416558,5.24655284978141
1.99271740527712,4.41363255923349
2,5.42779507671487
2.00287376344696,4.85210207672779
2.01299718489803,5.78471181343662
2.02301183866444,5.34372065565827
2.03304210532788,5.73053651690215
2.04,5.71796881931277
2.04314863616327,4.95574304889179
2.05340233192762,5.28214226376994
2.06354645743321,5.50819997847849
2.07356547501999,5.61027199740884
2.08,5.54904936991529
2.08415830807689,5.43639415639124
2.09419318682378,5.65094915804718
2.10438844288834,5.74054841363742
2.11460708605247,5.33689440808458
2.12,5.66325645618341
2.12467140564152,5.9159938584673
2.13470983738753,5.25635706180933
2.14521081025755,5.52706546797132
2.15530866087354,5.83253439934976
2.16,5.92666912210778
2.16533401511253,5.02162730474248
2.17535334138278,5.01377793291525
2.18542062363489,5.83635351866145
2.1955773782418,5.83264559939232
2.2,5.45644861738737
2.20573655466993,6.02249629218269
2.21576828328985,5.21661410803955
2.22580123554215,5.804189168916
2.23592991879796,5.21787320075162
2.24,5.19774499344305
2.24619873477491,5.47130605078766
2.2562209648476,5.4044120410961
2.26628270721635,5.16496177059789
2.27671591565124,5.53588641373103
2.28,5.66832051346358
2.2868587472991,4.71946683323068
2.29688760985549,5.6845424926411
2.3069173667738,5.77660426338235
2.31696745549924,5.32480186848663
2.32,5.57275023054405
2.32702459463268,5.45841677347309
2.33705089807706,5.38427659340597
2.34709334070292,5.29665108919798
2.35713109493699,5.86018698841201
2.36,5.65022866070129
2.36730784959769,5.42480770406156
2.37739238820098,5.57209419088229
2.38751113690045,5.38907093044327
2.39753961488543,5.55378500247687
2.4,5.52193234181715
2.4075664830899,5.73406789598629
2.41772651667675,4.94795042124569
2.42776899502749,4.87205080614863
2.43786888741232,5.89310445494351
2.44,5.48380666864435
2.4479664713472,5.37062754810831
2.45804614078128,5.70800694614102
2.46808152200604,5.35210455912815
2.47814406092572,5.44505347076837
2.48,5.67640416328769
2.48837475107626,5.54105163197442
2.49838334734101,5.90080797976516
2.50850575574773,5.53632231343178
2.51856681173048,5.00050446485929
2.52,5.69627921245499
2.5285942123551,5.51503791161842
2.53873313335753,6.10323700630278
2.54949523632361,4.7074526866732
2.55962985983363,6.18384551376087
2.56,5.60066290849609
2.56979994081509,5.62034398339048
2.58050418843618,4.72325289337373
2.5905529254737,5.89316540247057
2.6,5.4764698645549
2.60065319241105,5.34740565696985
2.61067633847706,6.12990173481876
2.62073108830104,5.41557167918892
2.63125162640419,5.08856750800701
2.64,5.66207508179855
2.64140007091196,5.5284231179342
2.65158862945551,5.56051425609933
2.6618839036281,5.46022400449851
2.67194429031379,5.63231572084691
2.68,5.56888196079075
2.68198445893736,5.2641926628633
2.69200470419075,5.76438369766807
2.70203743125385,5.79858013790298
2.71214998645764,5.30575028429457
2.72,6.34374919854719
2.72237864348862,5.97567339152608
2.73239567903247,5.20930393455317
2.74252131890765,6.3803113641102
2.75270319516027,5.23201233158006
2.76,5.55175738914201
2.76273968825248,5.40604821483868
2.77293442902437,5.16119341374113
2.78297132007335,5.2887025812822
2.79300050537317,5.7732930259929
2.8,4.98596146951872
2.80313097206975,5.39305906207661
2.81315025051847,4.76405256710464
2.82323122835823,4.88665767996362
2.83328490133524,4.87934749629207
2.84,5.30983573574667
2.84329430007326,6.07209866125844
2.85333469719595,5.31899020205269
2.86338586861774,5.51840776982611
2.87340907778635,5.83409507965567
2.88,5.45681741463088
2.88366328760151,5.37349611610466
2.89381576716673,5.6575288304155
2.90416268465914,5.41834099813137
2.9141962015433,5.39473542677448
2.92,5.55375291835181
2.92449405428905,6.13132629760218
2.93454323291685,5.61587156149941
2.94507964955648,5.52997117407989
2.95513800927997,5.81469899825747
2.96,5.51419504862128
2.96517186214638,5.71911520093261
2.9753372550165,5.7920732421153
2.98560917790431,5.43819994787368
2.99562859269331,5.10972656464517
3,5.50091988156588
3.00565280513774,5.80983850349309
3.01573727337248,5.51984308848086
3.02589334102463,5.3971707048292
3.03591428011639,5.90723644123154
3.04,5.61064819928315
3.04593812950503,5.40917678478009
3.0562000626676,5.53983795244817
3.06634040764405,6.34251851209425
3.07648037616239,5.39448690665649
3.08,5.63602788195244
3.08653031027181,5.30947849036862
3.09665639192504,5.55210314733351
3.10680799984023,5.57035185577185
3.11697616799635,6.06108869054476
3.12,5.56276128019723
3.12709020828667,5.12153270241576
3.13710262768481,5.91642116604531
3.14733406295969,5.59987284967578
3.15746041628449,5.04318062079957
3.16,5.89779994963483
3.16772388707,5.78312510692386
3.17776061810814,5.71177336958664
3.18809451479863,5.27270754983745
3.19811669606699,5.67901610044002
3.2,5.40173946235231
3.20822529378356,6.0426461738698
3.21866738628378,4.67718484515944
3.22877660866121,4.9428466093494
3.23883920983423,5.26537993523439
3.24,5.69830078246553
3.24912421272983,5.61912517994323
3.2591958941659,5.36038723865597
3.26931462018574,5.81198843619952
3.27939191252408,5.54419110908445
3.28,5.50448253389616
3.28995242339905,5.55616097940324
3.30005953535902,5.01191494496187
3.31009427044458,5.49586077941257
3.32,5.17199867327036
3.3201691765151,5.65397887406761
3.33022376843384,5.22287186137961
3.34024211081816,5.46703156888031
3.35065790643499,5.36724539395673
3.36,5.70211086865091
3.36069182650089,5.30114336792543
3.37108989670547,6.13132920341272
3.38122812544192,5.95291391478858
3.39132514557209,5.31342656217581
3.4,5.4881917910045
3.40135476422988,5.49574770566069
3.4114282503882,5.30847023585834
3.42145375696352,5.54362786643639
3.43171413692809,5.52749823816487
3.44,5.3635304496839
3.44179123585863,5.37388564546209
3.45211462928127,5.99797438943469
3.46226231757641,4.78140263617665
3.47254126638609,5.69168596278658
3.48,5.61969114623617
3.48264359431678,5.62711075193953
3.49275927558909,4.99813206922067
3.50280329424255,5.73633988971935
3.51282842836309,5.95646107326612
3.52,6.10476214393974
3.52285348161542,5.69749005854996
3.53313094605208,4.85244904590751
3.54322671885202,5.81074829972863
3.55332890952286,5.67542376700321
3.56,5.31346863360957
3.56339304527743,5.83096239370865
3.57350390046305,6.3019282653346
3.5837048223315,6.01260226280387
3.59400297645043,5.51735395866315
3.6,5.65824904337329
3.6040972296502,6.00992166391875
3.6141227495865,5.78894615534937
3.62427210842824,5.4898486471641
3.6343067232032,5.55514222443596
3.64,5.6918778710004
3.64450036872974,5.44963705126343
3.65465823068936,4.94812885478957
3.66488442544711,5.46586095504975
3.67492628714155,5.48305648652477
3.68,5.49901346388922
3.6850323697601,5.44525460469433
3.6952118344114,4.65925886010193
3.70541135189676,5.12320672188248
3.7155094778898,6.37451605979205
3.72,5.88703940652532
3.72561174611771,5.87916302016195
3.73566752161407,5.50439242405846
3.74575709447225,6.27601860017036
3.75600827874557,5.56588150065369
3.76,5.5924629111579
3.76607656253731,5.79276714570248
3.77614027477838,5.574598282102
3.7862213050108,5.0868842062488
3.79664200762363,6.23578714720071
3.8,5.54389320117483
3.80675087909889,5.63154329631249
3.81680078126664,5.59862047699261
3.8269158604214,4.54767747993871
3.83695840765592,5.8629820727916
3.84,5.67706818041076
3.84697727431586,5.77549580190405
3.85707009306952,5.29115881378125
3.86711408104245,5.14685144022037
3.87722187183966,5.60293420604711
3.88,5.70170676529323
3.88725270506078,5.34336930096864
3.89736196128577,5.06276349417949
3.90745795214495,5.59320657861218
3.91747775875897,5.59657233724891
3.92,5.25610749873855
3.92773944613544,5.61173738822189
3.93792774672109,5.39065647556955
3.94803085141948,5.82153397104495
3.95804113677018,5.75811309101839
3.96,5.60547358706186
3.96809596908728,5.72227777522395
3.97812155413711,5.44937092910997
3.98814808261579,5.33552311565049
3.99851503786876,5.80440710192585
4,5.62353390357681
4.00864631528224,4.8967859169663
4.01882620467053,4.56031363375699
4.02900817723696,5.57776781223439
4.03941820063904,5.54713159628537
4.04,5.50057086535229
4.0494516187182,5.25590366469218
4.05960210955395,5.86134640424273
4.0699118161679,5.74720789721763
4.08,5.39459875612713
4.08005823646159,5.9014944725848
4.09034010620296,4.89560444435677
4.10042560496198,6.39125911257044
4.1105174004606,6.40193705935065
4.12,5.31072147275879
4.12054224721278,5.54227836924343
4.13057813147448,5.81274186848284
4.14116126891373,5.44580460887823
4.15145581880526,5.23866386595297
4.16,5.52372898915797
4.16149452979768,5.69531880054876
4.17153619609518,5.55902466149029
4.18161633823525,5.42224646574547
4.19164735695476,5.40758934311132
4.2,5.42981425382236
4.20171003960892,5.30822997415985
4.21181787915399,5.37427682182324
4.22196324749045,5.36716770450942
4.23198762363606,6.05118267330007
4.24,5.72208329685889
4.24201769401123,5.25328397566939
4.25203850385144,4.94019071734896
4.26206898051553,5.27754321159598
4.27209704989938,5.4813969249553
4.28,5.34171987252907
4.28223782986783,5.53286156283349
4.29228218318614,5.34249427034574
4.30238270326004,5.5126871745024
4.31244389937211,5.603033691128
4.32,5.54064906050236
4.32247240149292,5.76975246178137
4.33252713570089,5.9084259144075
4.34269013747368,5.48611731115405
4.35289332398149,5.55604170869101
4.36,5.53893049617957
4.36305592778921,6.12867366944538
4.37339433077191,5.55933211047375
4.38357382024781,6.9406927564109
4.39360564712695,5.67118390470515
4.4,5.81456800199122
4.40368154967109,5.55143835919016
4.41390191910338,5.49104434469867
4.42400436952604,5.52558694458243
4.43410710958249,5.51823115425966
4.44,5.37154977410596
4.44415244737631,5.28190574113541
4.45426006217247,4.86436934759317
4.4643046543869,5.2184664312976
4.47444445129555,5.38829578754688
4.48,5.70692659310917
4.48448282837853,5.64473773711331
4.49460262180678,4.94134532757561
4.50480958564398,5.51684617693553
4.51489798126078,5.35396437966683
4.52,5.61631885936206
4.52502085577516,5.30667859814808
4.53511704654781,5.40150449499166
4.5452510359819,5.81137226397545
4.55536321332248,5.44353902299578
4.56,5.61246979006007
4.56539729444944,5.76820892049916
4.5762357277198,5.5879508197141
4.58627276745753,5.6714093226636
4.59629594006082,5.64964514674781
4.6,5.57802071073205
4.60649893183461,5.00555744456863
4.61650862196075,5.21579657934653
4.6265825738308,4.53506078052357
4.63665290086212,5.41436214846455
4.64,5.67457315146251
4.64683882966624,5.5811453246479
4.65700971128736,4.88692842216884
4.66713423804023,5.53439091850653
4.67727478654852,5.37072316184379
4.68,5.57899418567933
4.68729498270284,5.80222291102293
4.69738186060932,5.37818284448377
4.70747162751734,5.59393939898819
4.71756816991286,5.03639786340135
4.72,5.4671298895786
4.72778569490523,5.6271139627436
4.7378079392809,5.46294488259822
4.74789974111542,5.056340525783
4.75830509589685,5.80757563065552
4.76,5.77417581379984
4.76853006777316,5.33963494883659
4.77856142080031,5.52715075519995
4.7887835154352,6.2241263229722
4.79891795067877,6.26146355093629
4.8,5.19702350897877
4.80901959048533,5.50174893467077
4.81914101516357,6.44287378327796
4.8292513839385,6.20289039462
4.8393536117317,6.07991990751495
4.84,5.69393021990326
4.84938868839594,5.81443046691785
4.85957022947768,5.26686421386842
4.86969222303884,5.62264533963664
4.87994081169032,5.18278022451506
4.88,5.47529627572652
4.88995386561359,6.04389728387905
4.89997118562843,5.54539189391644
4.91013353633608,5.456642547607
4.92,5.92188355724476
4.92014508156121,5.78315536284457
4.93057643040158,4.85892966527415
4.94060015317765,5.82166336348947
4.95078048208389,6.37108584034181
4.96,5.74912469987036
4.96082155728831,5.40150734885508
4.97106892825836,5.56381493757897
4.98121239583333,5.75790654378009
4.99122898991924,5.76216503556557
5,5.86460393286056
5.00133333069571,5.6019406445894
5.01143572903102,5.11365112816264
5.02157868997613,5.70186785659665
5.03159692000065,5.83028242759585
5.04,5.44794171515375
5.04167804838011,5.98397259829511
5.05171943230167,5.399130797463
5.06184958078933,5.57336832175295
5.07189606938481,5.50480377111183
5.08,5.71178305711178
5.08192615553701,5.76786182916595
5.09195994753325,5.62729983840863
5.10206936122313,5.70080029937431
5.1124891845308,5.51034242927903
5.12,5.80011903164624
5.12258892013788,6.15203455225755
5.13267001802341,5.68916153801989
5.1428433588811,5.5613455362949
5.15286504279466,4.96014834149204
5.16,5.72299658267072
5.1631723531737,5.46781262777456
5.17330192633972,5.52398587312137
5.18341158237705,5.3063329776016
5.19353953003704,5.20095417218766
5.2,5.77581101436239
5.20364945444584,5.27656505882099
5.21368176806775,5.20971136670078
5.22399894934076,5.09251668146371
5.23449193415715,5.99442425002126
5.24,5.33477704628623
5.2445688968668,5.44398500808213
5.25460457171014,5.10738871658535
5.26473016600441,6.35367772234953
5.2748137252292,4.7297239296843
5.28,5.4033754390768
5.28503280109841,5.10303372784114
5.29519903705883,5.66177285486121
5.30526446026029,5.89189090736363
5.31539411500176,5.69690296034727
5.32,5.34750472800284
5.32548749442243,4.84095432952911
5.33559037041331,5.09835926641615
5.34579864832757,4.59610231380522
5.35579884589,5.52982795125237
5.36,5.18361727825949
5.36586953453235,5.22609823738141
5.37595755141663,5.0316961188039
5.38598306888798,5.79993420883991
5.39624654002771,5.53944987073313
5.4,5.35232338086991
5.40646041568587,5.4171305886394
5.41650428391195,6.21725810461906
5.42652143449277,5.33780943817546
5.43675001323341,6.17341152250882
5.44,5.04222561946111
5.44691949898125,5.24060052999085
5.45716319455957,6.26273291418168
5.4671854495173,5.70563859977685
5.47722842469955,6.12244902716701
5.48,5.41174030323914
5.48772364211239,5.91466210201442
5.49778939514855,5.49423220135685
5.50782718288052,5.16128210512373
5.51805126595221,5.81625230689144
5.52,5.30788089939417
5.5280920703436,5.41636206777354
5.53828984527607,5.42203420240078
5.54829261632982,5.61546340742031
5.55832825096572,5.34981400873097
5.56,5.85254607638662
5.56834597834894,5.35772848455447
5.57847230593711,5.52694486934366
5.58918389056463,4.9156026120506
5.59923156541169,4.41691523896192
5.6,5.28300684586391
5.60931019565924,5.55273092827302
5.61945314147634,5.9748296047297
5.62955114132232,5.95986756323154
5.63956760137944,5.96773903138809
5.64,5.6703116798426
5.64961236899386,6.0487375169975
5.65985205261201,4.77967493630454
5.66990311904775,5.30940929909652
5.68,5.62206651497576
5.6800569481536,4.51847825708327
5.69056384869956,5.53996266790802
5.70074208430185,5.50071555863234
5.7108338316478,6.39118871590418
5.72,5.82405176255062
5.72128849777737,5.37562065616295
5.73141663733811,4.82236515115672
5.7415336609419,5.29081489871477
5.75158504907342,5.46442349493514
5.76,5.37183447057362
5.76211201467362,5.56690632872854
5.77231534261513,5.48234580573453
5.78235390699255,5.50259715772928
5.79241281688531,5.81890235700871
5.8,5.50927073810563
5.80264126163851,5.7463239849325
5.8128927294929,4.98014037044513
5.82320804963408,5.40991514649329
5.83340116990434,5.59002416797459
5.84,5.52917728822925
5.84353696870009,5.40645366427624
5.85364710402643,5.51561605199638
5.86373948762032,5.28340032155676
5.87391118319036,5.14756312924582
5.88,5.59219859193191
5.88395499933511,5.61819020910906
5.89407787696162,5.62672668608051
5.9041072292467,5.46406249487031
5.91419550700806,6.05515448518004
5.92,5.98030139534365
5.92439980085141,5.83434067938236
5.93444266723592,5.46697219013349
5.94448288994343,5.46311034516706
5.95462464460685,5.24432632102483
5.96,5.53842775889079
5.96465481951199,5.40704614655677
5.97474624412295,6.19789038830397
5.98506112507749,6.09947451910772
5.99508280364616,5.19330372487325
6,5.30300758161867
6.0052280692913,5.52468750982481
6.01539018896623,5.97446884837304
6.02561186057268,5.51662699312371
6.03564810872605,5.69043050055332
6.04,5.59677486238199
6.04582881453862,4.88938991311431
6.05596584427488,5.97780231837418
6.06603182415704,5.39663554562561
6.07619738114957,5.82491959841297
6.08,5.44614585264394
6.08622417248264,5.49891254031301
6.09627711387971,5.71744802440675
6.1063139023151,5.43573355790585
6.11665163412609,5.57099550610931
6.12,5.27884086646686
6.12669070455014,5.20334627824096
6.13690383831513,5.76627214124799
6.14703551388504,5.61201295329247
6.15708190964753,5.17768285758777
6.16,5.47545587120741
6.16721740405625,4.88826312580357
6.17746169836387,5.67606083699587
6.18749328140309,5.26670771649504
6.1975139897414,5.2301621702212
6.2,5.50635902199792
6.20760605073443,5.47901889692716
6.21763604416707,5.35800686093795
6.22786829272858,4.89728907014243
6.23790988077485,5.92545207911603
6.24,5.37385215703067
6.24800878850978,5.69165771064917
6.2580554316804,5.64674205608082
6.26831963744187,5.36683987555087
6.27850449246153,4.97517492998919
6.28,5.522348514642
6.2885392254832,5.51622927906657
6.29875068204331,4.88480632523407
6.30891348367689,5.78130112592495
6.31909152284261,5.25679412019549
6.32,5.34403861320054
6.32918727739954,5.37831413773657
6.33924843718111,5.77758063099651
6.34933870300819,5.68096552102576
6.3597327208389,6.53654322461329
6.36,5.58483993008181
6.36989072425164,4.89848712777675
6.37994643472115,5.70280708546723
6.39001536394923,5.40765498051661
6.4,5.30984578520274
6.40007182393345,5.90394010991325
6.41012040874114,5.49444875175858
6.42014891354925,5.16295860415139
6.43019367547653,5.6968226608813
6.44,5.46813624829456
6.44029521306279,5.04546603848232
6.45032446407265,6.25381912631956
6.46037387864287,5.09459528439728
6.47046651427742,5.18947874082021
6.48,5.43106583382648
6.48048005415327,5.53001048842186
6.4905543727475,5.23699299761174
6.50058431397773,4.97145995525282
6.51073931076516,5.07741325935492
6.52,5.17899743364091
6.52083898356267,5.82896752552243
6.53153063689908,5.49024481855001
6.54182130846106,5.4920268522591
6.55185157665656,5.44609383210836
6.56,5.82369956685348
6.5619799288987,6.12595440135756
6.57208763013757,6.12826289291658
6.58213025592225,5.72137284652816
6.59218246311275,5.81541079168152
6.6,5.33332196076987
6.6024531538805,6.14563535176837
6.61250062301679,5.52799225251969
6.62269846977782,5.41442681665765
6.63273360682521,5.1334926678157
6.64000000000001,5.36916446289828
6.64281817722669,5.49588542951108
6.65282969911782,5.413237247988
6.66287362070654,5.6279641335019
6.67289749080568,5.13159918958875
6.68000000000001,5.98413776043206
6.68306446109111,5.41168454022469
6.69311521149887,5.63333843529908
6.70313646275706,5.65356255346674
6.71353241390337,5.20327135297191
6.72000000000001,5.54917907985018
6.7236825372681,5.46433534394166
6.73389975066925,5.82140759560972
6.74463042657443,4.57525250338029
6.75480564131285,4.91781773750595
6.76000000000001,5.63340308411213
6.76481361956025,5.14871304474534
6.77494041827808,6.72931936356636
6.78541158940428,5.47635758338543
6.79548686251638,5.06329654698223
6.80000000000001,5.63474100046471
6.80553407869357,5.19112074782809
6.81561358342161,5.62942814095459
6.82563964180572,5.07192626670114
6.83586219625287,5.48941606208588
6.84000000000001,5.64845873945301
6.84594536731443,5.55512304188548
6.85603210847803,6.1962124393829
6.86656221220031,6.11816691898682
6.87666069174149,5.75860010325509
6.88000000000001,5.49465343069327
6.88704697651079,5.69685407867852
6.89722410744448,5.3695880877665
6.90730389100947,6.06469767583932
6.91747790749795,5.72304929221751
6.92000000000001,5.46034537465703
6.92752208986314,5.95980994931571
6.93754179728351,5.69132699279915
6.94766146669458,5.97220873613361
6.95769204249544,5.53894085654122
6.96000000000001,5.42420956373215
6.96798155052714,5.5700477371357
6.97801111041472,6.0867468132709
6.98814712526678,4.51653886745209
6.99833914157677,5.02042076177923
7.00000000000001,5.61555606366428
7.00848291329459,4.78584232931274
7.01854463092892,5.18525035975983
7.02857032473112,5.21717845692415
7.03860308096533,5.42905382648564
7.04000000000001,5.64172324854425
7.04865981708593,5.54455432995861
7.05869606911075,5.38518612817584
7.06877347165601,5.51000001868718
7.07892295289525,6.2385907307659
7.08000000000001,5.28726146473003
7.08899864602789,5.04975766303184
7.09953127453353,5.4622639624062
7.10962232129695,5.52815029593907
7.1196634078033,5.64319991862641
7.12000000000001,5.08154891816285
7.12969005456287,4.99979959333437
7.13973774091228,5.62594875898046
7.14976927000211,5.18887276511797
7.15979249470996,5.23027658367256
7.16000000000001,5.36211303643783
7.1698503514318,5.42991183311637
7.17997930586826,5.54797923700022
7.19000101593028,5.26992423309402
7.20000000000001,5.51410652809646
7.20016263120927,5.48047349719438
7.21019598344386,5.28069060970182
7.22047390063589,5.07181865300122
7.23049614285036,5.53447281557178
7.24000000000001,5.22023712578344
7.24052025288715,5.33796414732185
7.25060712411561,4.55742253997866
7.26063758663425,5.63395108873873
7.27069534390357,5.54808973510299
7.28000000000001,5.51788737976954
7.28079959787029,5.96837069498371
7.29082825098232,5.11069791375469
7.30101106750197,5.50037808510047
7.31114152695022,5.87262523264329
7.32000000000001,5.57400891156684
7.32115035177482,5.79725047073623
7.33122788341511,5.41011576968793
7.34129727528507,5.41814190275882
7.35130064246486,5.05708172857154
7.36000000000001,5.27225197507612
7.3614653678261,5.58523834270447
7.37176316136855,5.44921367261438
7.38182847904309,5.427281086163
7.39198283663861,6.31763650532109
7.40000000000001,4.9261451696606
7.40200799750195,5.60228620784656
7.4120300970622,5.30764881806282
7.4221655920615,5.49895958169174
7.43222810295207,5.31126423052546
7.44000000000001,5.77003267067297
7.44229211847063,5.52178764908902
7.45233516391922,5.50580430493831
7.46240383701571,5.2593394419662
7.47247769672591,4.75435402651846
7.48000000000001,5.73206019345912
7.48262299567394,6.02722790644772
7.4926589789163,5.16562939165887
7.50273357375821,5.14529192654383
7.5127831521484,5.47655620471411
7.52000000000001,4.90782263049302
7.5228194041768,5.11104792464798
7.53292592800698,4.97658830862341
7.54308325016205,6.20294748982409
7.55316460075798,5.4006896385376
7.56000000000001,5.5204032299587
7.56319630788376,5.34891602736134
7.5732831508753,6.4244685389643
7.58365829034401,5.42310658275752
7.59375660942015,5.93048805447972
7.60000000000001,5.0798496471263
7.60378993739318,5.63328258059249
7.6139888299317,5.25081857163748
7.6240263770199,5.43964394817206
7.63413751783335,5.08960053232729
7.64000000000001,5.49358386297334
7.64415644981377,5.63145238973434
7.65421797956529,5.38726112235169
7.66434065062414,4.77832028639836
7.67454927959499,6.32155076944032
7.68000000000001,5.38410570781075
7.68459960876864,5.21304430106854
7.6946826495109,5.39133873211683
7.70486756941458,5.22578564560893
7.7149918320223,5.5606070681978
7.72000000000001,5.35780190446258
7.72514241971654,6.18967478623871
7.7353282345222,6.29367828463708
7.74548765122831,5.26124230802257
7.75563363575505,5.04223711222612
7.76000000000001,5.39811924436819
7.7656737906502,5.17889217012381
7.77571323441537,5.86445879742705
7.78583106657557,4.78043500473052
7.79593553877655,5.04341282275226
7.80000000000001,5.18561849490591
7.80605770682116,6.01841944789573
7.8161551854767,4.9980867444262
7.82622072266903,5.34330329748039
7.83634295558413,4.75883817246246
7.84000000000001,5.52187177347988
7.84649129561828,6.26567154157198
7.8566498564118,5.95657199717454
7.86709224985147,5.30855857940503
7.87718578749062,5.2016019740548
7.88000000000001,5.69577224410675
7.88741637807351,5.41787282215705
7.89759179499839,5.06989934205518
7.9080613848095,5.43023603215721
7.91809071686494,4.97671110180727
7.92000000000001,5.44779852067315
7.92819007259602,5.3197021753538
7.9382087860714,5.13154456393342
7.94824330179729,4.9420659049422
7.95833101909171,4.80548206224951
7.96000000000001,5.33585337629691
7.9683999350097,4.6867096805199
7.97851609367945,5.41695908553395
7.98860021403864,5.16089428941954
7.99884643665387,6.31072316626266
8.00000000000001,5.29086627154776
8.0090320410711,5.58114815930103
8.01931838890028,5.20412178187274
8.02967539557176,5.17104592425641
8.03970849935559,5.61898934067323
8.04,5.12651910015139
8.0498229923106,6.29356917355692
8.05999026959772,5.06441611725619
8.07011887106031,5.14227308527664
8.08,5.27605847271388
8.08031234599405,5.9432869555481
8.09040590338773,4.75517768830567
8.10044527982257,5.0462299423525
8.11055564963253,5.42909275707421
8.12,5.35848544866233
8.12066097321896,5.30642797647954
8.13075202952025,5.16081319006459
8.14088056452859,5.34378521989973
8.15107001173772,4.87145553649388
8.16,5.17888131036778
8.16143047958792,5.28417362934524
8.1715160200483,5.85180699711896
8.18159582152053,5.44955453222865
8.19175577735298,5.32866215150299
8.2,5.32329369384508
8.20180143178594,5.27108187391298
8.21192797578389,5.38505812474163
8.22200991760724,5.21398986396211
8.23204575583504,5.24650104909427
8.24,5.28544836149284
8.24229960553499,5.26634731524792
8.25238103207249,5.10132923003095
8.26246734226653,4.94054910510712
8.27263143449415,4.79527973077018
8.28,5.35286515932702
8.28271513696339,5.32658474779046
8.29283427421944,4.70830710615149
8.30300876367873,5.30197065810421
8.31309310932588,5.72136770170999
8.32,5.40025015134836
8.32324347346476,5.49834146561143
8.33325234710518,5.29314483556099
8.34331407037884,5.21408801784478
8.35334259051004,5.6766364502766
8.36,5.32062027041117
8.36346166814898,5.53715953055491
8.37355978131822,5.3916096121238
8.38370977145008,5.30973110630767
8.3937729040774,5.42322548001035
8.4,5.45368395233838
8.40379845229142,5.62152361371701
8.41382475735671,5.34676660625383
8.42389901779718,5.4164359932345
8.43390741294765,5.80130102644485
8.44,5.21641544370897
8.44393070392395,5.2536380066211
8.45403528466395,5.0662328153014
8.46404655988546,5.01279886953812
8.47412748396603,6.3389608085847
8.48,5.11873261381318
8.48426465458078,5.43862863739802
8.49439015677554,5.86515082265968
8.50444276636805,5.50784934619339
8.51456329328958,5.44220803308166
8.51999999999999,5.36048688288422
8.52480469077807,5.79126286663141
8.53482406969568,5.12563735960433
8.5450081297028,5.05799806911378
8.55512679896325,5.28688944129844
8.55999999999999,5.49496883782318
8.56571733007579,5.35172638673953
8.57580875663383,5.0521783711051
8.58583748755114,5.55899847258733
8.59609206617579,5.47613867446733
8.59999999999999,5.6050949722767
8.6061101763842,5.32343024524961
8.61619272164694,5.31170940555834
8.62631869483165,4.97961460887572
8.6364701881718,4.86011087256348
8.63999999999999,5.36723936743144
8.64651397057247,5.12463686034004
8.65659596943722,4.91412780443849
8.66667463867291,6.0324330456096
8.67681041603291,5.77279493880621
8.67999999999999,5.74435597139114
8.6868401643771,5.58957209517606
8.69725392237592,5.56381058702872
8.70763862698588,4.95417876782975
8.71780889416653,4.87122686904285
8.71999999999999,5.57525287638064
8.72789727797156,5.52002281929564
8.73800334012921,5.01946406104277
8.74824631757821,4.78437804591704
8.75829057064011,5.02310924769015
8.75999999999999,5.22268481546277
8.76852288955886,4.93919262803104
8.77961490510707,6.24491327393675
8.78979166350905,6.20513570064758
8.79984408806075,5.37712093289606
8.79999999999999,5.37808957032424
8.80994130313036,5.48580317154171
8.81997478497698,5.85336754914709
8.83013384619771,4.73435277814892
8.83999999999999,5.30102737054732
8.84016788985305,5.1097666628088
8.85020655454985,5.65197585273568
8.86024720283818,5.34682720689333
8.87032088294623,5.27175405701508
8.87999999999999,5.25880821469925
8.88048065100198,5.5832580879099
8.89050381060257,5.47874931733059
8.90057669230747,5.22002977227015
8.9106552905253,5.39226575273841
8.91999999999999,5.50400128257435
8.92075128042952,4.84457658000671
8.930958150373,6.11094482205347
8.94099344065938,5.24221591271734
8.95110807173933,5.52117691038695
8.95999999999998,5.38155797228687
8.96119818020537,5.3374242510935
8.97124096200215,5.73913013774972
8.98125605726285,5.78693931525786
8.99136191949909,4.88021511350647
8.99999999999998,5.18130749834274
9.00168835857569,5.15493380408463
9.01178707882725,5.49261716346573
9.02181232842145,5.43423147373065
9.03183320403756,4.94001300558794
9.03999999999998,5.33517791077611
9.04185452178298,5.24111718912275
9.05192010456684,6.22225323153607
9.06208764518266,5.24740527219483
9.07224891104487,5.02126363687244
9.07999999999998,5.35867348517435
9.08226985512635,5.40301610704377
9.09230727748973,5.11688922494558
9.1025404112371,6.08408199184143
9.1125620194281,5.75113460387179
9.11999999999998,5.26411871782864
9.12270636296063,5.75089744019976
9.13274409813306,5.39109078805776
9.14305016670741,4.78144419806844
9.15314439876274,5.33312903583057
9.15999999999998,5.34723155065694
9.16328412404846,5.12919868317328
9.17341220937394,5.10445309496058
9.18359546312421,6.25153353767301
9.19375489525189,4.93908106436016
9.19999999999998,5.16917646511494
9.20409070863601,5.54028721672454
9.2141199824376,5.31897129198521
9.22423370488557,5.14177694546547
9.23439448772479,5.5420667557634
9.23999999999998,5.24769632978006
9.24441581170748,4.95464860576597
9.25443784060014,4.97885980160262
9.26456476160071,5.52457647488189
9.27460791594078,5.63564198795167
9.27999999999998,5.41651232317857
9.28464391156756,5.63213996739265
9.29489050971921,5.518741067689
9.30496607294806,5.22397322947218
9.31500349791363,5.41457318269298
9.31999999999998,5.80987888177802
9.3250458207848,5.27661344169804
9.33523331790277,5.11288348846451
9.3453786122469,4.75785424412605
9.35549897084565,5.32359519481695
9.35999999999998,5.24762180667913
9.36552000600695,4.99964172883472
9.3756955998616,5.58031074034957
9.38587708998251,4.78676174396869
9.39609085171788,5.12296488641522
9.39999999999998,5.32682262358966
9.40631294659113,5.80531785540049
9.41651626377562,5.2733154305144
9.42653508054213,6.30520212071651
9.43658251111444,4.83770809822032
9.43999999999997,5.31311243084592
9.44675441958156,5.18934607523124
9.45686178095104,5.45538029305095
9.46704341429801,5.61462741345042
9.47723274281277,4.37623615092618
9.47999999999997,5.32169013344556
9.4872590898237,5.48296259080683
9.49727687483904,5.77798276807389
9.50736505137038,5.06644366553952
9.51742653915383,5.07679828001806
9.51999999999997,5.33554440829094
9.52759380094067,5.27424710685613
9.5376345428152,5.33863961643475
9.54785320032254,5.741182628626
9.55794878015498,5.50853781342624
9.55999999999997,5.34551350219112
9.56795992125087,5.5028108308851
9.57893181427306,4.3988474294107
9.58906289819556,6.12861003850805
9.59912991362852,5.44755703949213
9.59999999999997,5.22862038208053
9.60942660964472,5.91186313547987
9.61953837977136,4.81237233724913
9.62962054730619,5.37649467515081
9.63963097021077,5.01636437347758
9.63999999999997,5.35513676736834
9.64969618398596,5.84443858790891
9.65988446575899,5.14840468017672
9.6699334353672,5.53161261876709
9.67999999999997,5.38736730177282
9.67999999999997,5.38736730177282
9.69036269759174,5.33696869284262
9.70042020257737,4.91667502635845
9.7107206185539,5.51454538981194
9.71999999999997,5.26157429433784
9.72075630075692,5.46606053659446
9.73085181072017,5.36412470696189
9.74127071820612,5.9836367130173
9.75151202980153,5.65729948426023
9.75999999999997,5.11603403156027
9.76153379096898,5.5417436973621
9.77164728978567,5.08508384336058
9.7818395380812,4.77171816550697
9.79190674910876,5.53937556127865
9.79999999999997,5.39844499460151
9.80203795633598,5.81437594119032
9.81218952666037,5.06917838883879
9.82222012710586,5.64794171777194
9.83224861775679,5.5458770748723
9.83999999999997,5.41525173360052
9.84231316209126,5.44703587992902
9.85240493302953,5.35903663453318
9.86264673711442,5.99494407197335
9.87267835033491,5.04643249090176
9.87999999999997,5.3789681994347
9.88271081607215,5.48540356293936
9.89274806834542,5.58021711168399
9.90288740841292,4.99202992272436
9.91291235290885,5.62551875945281
9.91999999999996,5.15660376698412
9.92295523158037,5.31849980884183
9.93308333040738,4.71828338018176
9.94310864743195,5.29986605986411
9.9532436435104,5.03010295488124
9.95999999999996,5.12638468990701
9.96335888287559,5.58292929794773
9.9733993138807,5.68782208039783
9.98343034684585,5.18844577584251
9.99353187863346,5.60758228909209
9.99999999999996,5.21308963408082
10.0036999240943,5.64119415975196
10.0137894375857,5.65253385331879
10.0239506938674,5.71564604491207
10.0339819520424,5.13280642467226
10.04,5.39709211932495
10.0440686017777,5.32059360723675
10.0543325296517,5.51139240230553
10.0644397443864,5.31161471987529
10.0744603328097,5.03910926306264
10.08,5.3677997440097
10.0844855341135,5.60058495348192
10.0945176506736,5.04693904638405
10.1047073460643,5.52897266736037
10.1147282144859,5.55271409957819
10.12,5.70012146295507
10.1249175610867,5.35272385746038
10.1350587609349,5.58094604533888
10.1451538931502,5.86549894991573
10.1551816479694,4.91263886841777
10.16,5.39224925499909
10.1655117137989,5.21057219025989
10.1755379245218,5.53866847001936
10.1857427084372,4.86711342615054
10.1958989546424,5.49088872987169
10.2,5.12292366744607
10.2060119380019,4.95889399031613
10.2160884042746,5.4500032352005
10.2262089127103,5.66969328644385
10.2363723293907,5.55694495709979
10.24,5.27058215017798
10.2464642388528,6.14083100617077
10.2566290700153,5.14958871262653
10.2667511140042,5.32384775442003
10.2768214415997,5.32582405547964
10.28,5.63484563946362
10.2868361665856,5.29511326377333
10.2973826744543,5.95711336771465
10.3074853235894,5.33171593337633
10.3175408500798,5.26022588145803
10.32,5.43614451419262
10.327568602024,5.12729519445523
10.3377588548723,4.94753913101264
10.3477858963324,5.06049489073045
10.3578371081357,4.99446973650063
10.36,5.73700729047264
10.3678492220531,4.9973217255567
10.3779088025138,5.63480532178667
10.388110291189,5.43186514876779
10.3982519748077,4.71319845844625
10.4,5.35853392780419
10.4086115688518,5.43539796027749
10.4186349760522,5.6913348388857
10.4287376919344,5.47999327159414
10.43883545168,4.96309505110985
10.44,5.4849200918107
10.4488429132745,5.58437399221027
10.4588940044628,5.24426018544929
10.4689268616634,5.08220574046363
10.4789505144241,4.9968589059678
10.48,5.289294543294
10.4890508579759,4.78976936953864
10.4991240805921,5.28296284647411
10.5091546193959,5.58904488046557
10.5193335137574,5.30185749919126
10.52,5.44762832409504
10.5294545866027,5.72036242206395
10.53963101495,5.84510855339633
10.5496504193737,5.59769985046699
10.5597110203238,4.94825410958327
10.56,5.55597169330527
10.570134744211,5.79831332421907
10.580289069012,5.38861480979474
10.5904128872643,5.37703231223671
10.5999999999999,5.13355378828492
10.6004674433727,5.05707661894047
10.6105086099055,5.13400652051919
10.620740395639,5.82282442852806
10.6308385126806,5.85098158995053
10.6399999999999,5.29195579079772
10.6410211271943,5.58208664006608
10.6512162623309,5.07337461092163
10.6615040611039,6.04239500882081
10.6716293180464,5.3850632289128
10.6799999999999,5.33047330052511
10.6818189344093,5.95019469122642
10.6918527746642,4.81224245396334
10.7018859291863,4.94254271572348
10.7119207739513,5.48027995571472
10.7199999999999,4.91171741623235
10.7220510762114,5.06003294099484
10.7320925901922,4.93878426197658
10.7422887049822,6.09892568637061
10.7523391634257,5.54573747034281
10.7599999999999,5.28077928666326
10.7625102542005,5.55049321734035
10.7726504403269,6.75733003553505
10.7828124318581,5.05475696883779
10.792891359218,5.43698454039151
10.7999999999999,5.43460804613263
10.8029323108374,5.17296105092243
10.8130119529884,5.33482246283539
10.8230572254516,5.5263859303272
10.8331510543818,5.72947964235066
10.8399999999999,5.5188866673598
10.8432676075327,6.07194408774434
10.8533115970747,5.33335705418682
10.8634286287177,5.18019304847728
10.8735423348103,5.47979369315999
10.8799999999999,5.14507883801448
10.8838083204598,5.84316088493098
10.8938937107867,5.53490961630253
10.904189694837,5.77256320717553
10.9143950118376,5.71623252645954
10.9199999999999,5.3331749863451
10.9245459008452,6.20263072689978
10.934679285501,5.38278280193818
10.9448040217924,5.7684236954503
10.9548448666713,5.43402496258753
10.9599999999999,5.28670036699302
10.9648932930126,5.36515829918953
10.9749232191159,5.38581389767513
10.9849482753258,5.38763602248724
10.9949903828263,5.65559499625246
10.9999999999999,5.32423159757974
11.0050250090107,5.49526980001122
11.0150865632788,5.16630327565615
11.0251455482422,5.57015908929901
11.0351990438245,5.75369048466919
11.0399999999999,5.19058444632528
11.045573192843,4.9354693754371
11.0557210990124,5.62175904874199
11.0658631251963,5.26397467399143
11.0761266687405,6.2431120241399
11.0799999999999,5.14336207145669
11.0864454178696,5.94106465654636
11.0965322546671,5.32744034415627
11.1068120696045,6.22652752797835
11.1169596882053,5.04961423141718
11.1199999999999,5.52280374046094
11.1270035399707,5.2204310708514
11.1371272012319,5.25482775663982
11.1471832469768,5.30059597432162
11.1573433101927,5.08785517964142
11.1599999999999,5.30021506948754
11.1673649006122,5.5181162908708
11.1774458096966,5.17817397829523
11.1875436193702,6.57038589870573
11.1975553573253,4.87152485009917
11.1999999999999,5.27674221441253
11.2077666207754,4.91598970009679
11.2178960325566,5.30020668616297
11.2281147607692,5.25527052483724
11.2382902910791,4.39996421708072
11.2399999999999,5.39662675725922
11.2483386547417,5.20352530176887
11.2583788534498,5.24633713936258
11.268443588908,5.39130920299916
11.278562418887,4.77660679062064
11.2799999999999,5.72396508861793
11.2886110343721,5.07898345034067
11.2986315827825,5.43661579743394
11.3090360517012,5.71638906886272
11.3190702239244,5.55624692372993
11.3199999999999,5.61472285521983
11.3293411280245,5.40008528383911
11.3395524698776,4.14171146859956
11.3497084939966,6.24376597352674
11.3597317982053,5.09479544248931
11.3599999999999,5.38343132753946
11.3700757337359,6.11096554140307
11.3801225336243,5.04036552130145
11.3901651250115,5.30925049777901
11.3999999999999,5.1977093509482
11.4003109011337,4.49899739258674
11.4104768465322,4.69070085951624
11.4206794831727,5.83370738588589
11.4308106202905,4.52786092476217
11.4399999999999,5.52902877809073
11.4408550489676,5.33553887933585
11.4510204403108,4.34122164916389
11.461490669054,5.35782030501226
11.4717925226247,5.84820410883011
11.4799999999999,5.37999384571315
11.4819303360172,5.39770268116507
11.4920595023719,5.83140910986381
11.5021713594582,4.73532133182948
11.5124384842241,5.02708537541359
11.5199999999999,5.40254917171449
11.5224513799402,5.31105468747425
11.532475503537,5.38417749256528
11.5426044123742,5.95099688441817
11.5526311698092,5.47828909800099
11.5599999999999,5.21440122017443
11.5628438719412,4.62012485700134
11.5729132376168,5.24969006821227
11.5829229439838,5.65368049582016
11.5929532255371,5.36639786662917
11.5999999999999,5.29634282395602
11.602966978709,5.74445210480574
11.6130060615536,5.24788149854016
11.6234480273278,5.68507040830186
11.6335422867627,5.02116996965084
11.6399999999999,5.73957666445406
11.6436939675586,6.05512350484802
11.6537586481436,5.26762713272765
11.6639250553041,5.21717020800126
11.6740715453459,5.85819752034092
11.6799999999999,5.51713137345113
11.6841556030826,5.28061709220292
11.6943780725755,5.42214362692062
11.7044061557102,5.68417364933377
11.7145250224071,5.22569838630045
11.7199999999999,5.36539382348497
11.7246022078515,5.27135114586461
11.734721042447,4.92485178836351
11.7449302896135,4.94591749848004
11.7551017559712,5.54975439793753
11.7599999999999,4.98898336186996
11.7652732870424,4.76554754458788
11.7756351882005,4.93628317224419
11.7857074457088,5.82702457964754
11.7958041987509,5.34769243725278
11.7999999999999,5.32412901256729
11.8058326221997,4.93544977346443
11.8158454503074,6.07733092254688
11.8258826367323,5.27446607331157
11.8359081670233,5.47139788962492
11.8399999999999,5.43824696679451
11.8459570076654,5.13009939421124
11.8559759578874,5.53294311389985
11.8660733125437,5.03242930136019
11.8762745416547,4.3907008108809
11.8799999999999,5.17860888135296
11.8865554230793,5.03323876783836
11.8966761741138,5.2984696440407
11.9068385573145,5.23435340674596
11.9168699314885,5.52612198571686
11.9199999999999,5.16937433211706
11.9269246588543,5.48163378871604
11.9369550017522,5.48570604357459
11.9469866560844,5.04740941871924
11.9570734084426,4.72082274069405
11.9599999999999,5.31578827122162
11.9673040435218,5.43828089194637
11.9773236322151,5.44178236882805
11.9873985454773,5.12794200838823
11.9974171630444,4.95460494735825
11.9999999999999,5.14529393691865
12.0075516914779,4.5748833977828
12.017559049298,5.29260484479125
12.027650649508,5.23251599186067
12.0378152008533,5.51610676227704
12.0399999999999,5.32988419602745
12.0478437131202,5.35737860290592
12.0578953706041,5.37215678116461
12.0679557217338,5.5948786992701
12.0781556325559,5.97108281432597
12.0799999999999,5.82425374138473
12.0882643715623,5.4671948329518
12.0986882855795,4.41570011870705
12.1090803825815,5.32111370489899
12.1191605282766,5.1760131055155
12.1199999999999,5.41040208324424
12.1292199474258,5.57754434910403
12.1392457961707,5.60549771789908
12.1493198874417,4.98188777270599
12.1593429610766,5.52856163519933
12.1599999999999,5.22725552492633
12.1697833383756,5.29956852732497
12.1799574730704,5.14970392882319
12.1901219803034,6.15672408969806
12.1999999999999,5.38332960627465
12.200220510174,5.44228243176056
12.210253005365,5.18963137864035
12.2203352194311,5.39030845995698
12.2305056454727,5.5420818518762
12.2399999999999,5.19510019447711
12.2405464370723,5.33021433361672
12.2505812354428,4.88524751645642
12.2606297600562,4.50926383011672
12.2708002220316,5.17419390839488
12.2799999999999,5.06043692587671
12.2809730534153,4.7655867194561
12.2910102950931,5.63483123881766
12.3010289743213,5.30141179161667
12.3114628476904,5.96885724492563
12.3199999999999,5.3222337718618
12.3215707586675,5.49120234258271
12.3316659629713,6.25007640185585
12.3416799269815,4.68346251166005
12.3519540466516,5.64034670526409
12.3599999999999,5.32276322250519
12.3621899754359,5.64976398105777
12.3722439182448,5.37499446211591
12.3824187331615,6.01531096994228
12.3925024926855,5.39961819699953
12.3999999999999,5.27989623276788
12.4025371358882,5.52374740279419
12.4125591195825,4.98823344293684
12.422749516826,4.77710104531478
12.4328953652348,4.55114980686001
12.4399999999999,5.30660452065893
12.4431194600192,5.3262594250306
12.4531379026148,5.46316993064844
12.4633740834291,5.2760910983057
12.4734543805253,4.52339675638358
12.4799999999999,5.27860343157531
12.4834882775476,5.73586649073938
12.4935315817728,5.39610841544319
12.5037418867193,5.5047585066281
12.5138123772266,5.29535286880677
12.5199999999999,5.39263478521652
12.5239020347392,5.34805965932577
12.5339675525903,5.16569723308259
12.5440475675536,5.15693182561127
12.554063822997,5.3184157855252
12.5599999999999,5.39470468940755
12.5642392491917,5.5891112670926
12.5742445548622,5.23307582538958
12.5842859761887,4.94671247880135
12.5943576190905,5.28534890125563
12.5999999999999,5.27128074180617
12.6045531416752,5.02153991730826
12.6146995331845,4.78628661454513
12.6247518218595,5.32117084749494
12.6349485722386,5.76665392480751
12.6399999999999,5.28187155141934
12.6456269544613,5.29355673631031
12.6557102550036,5.10813399381685
12.6657935905377,5.44042078769499
12.6759274173288,5.55837504428547
12.6799999999999,5.31434666185885
12.6859585961739,5.67510873011462
12.6960460928392,5.36082195568765
12.7060764627537,5.05770306825352
12.7162227369191,5.06817251691858
12.7199999999999,5.28511443339615
12.72648794336,6.43100584662177
12.7367279621246,3.94051171148401
12.7467597813532,5.47076860305299
12.7567875243318,5.03191236574275
12.7599999999999,5.42955074616866
12.767038981008,5.64187128317682
12.7771380094354,5.35134746735197
12.7873182938362,4.61899043547081
12.7973764850861,4.18846767929595
12.7999999999999,5.70172143709095
12.8074294566997,5.54077951126287
12.8175162732584,4.64157459999197
12.8275889156844,5.38626610385631
12.8377686405481,5.19316714779219
12.8399999999999,5.06848222087566
12.8479450639638,5.05545501595563
12.8579738257929,5.50458333067942
12.868068282709,5.478455939547
12.87812408477,4.96578317057483
12.8799999999999,5.28965660666866
12.8884633776078,5.29020010785172
12.898491147994,5.03272495328446
12.9085834346959,5.30594788172033
12.9185932080964,5.08023152898177
12.9199999999999,5.3054384299838
12.928773816953,5.34142045549307
12.9391274813018,5.61511908035384
12.949174975036,5.50743107439304
12.9593261607907,5.36978360881077
12.9599999999999,5.32628752027164
12.9693738315841,5.78515515855754
12.9797335121925,5.4301964105979
12.9897909148071,5.35063387975516
12.9998968997623,5.48166613819708
12.9999999999999,5.22605786809043
13.010086072167,5.07458479894389
13.0201086832294,5.27295491898748
13.0301833201638,4.810674597118
13.0399999999999,5.32237799215375
13.0402154049339,5.39363158678228
13.0503203072784,4.73383608581372
13.0603283502078,5.30543926614894
13.070367674629,5.32926197527496
13.0799999999999,5.31007532377371
13.0804640252185,5.3247865753517
13.0908596462624,5.2569748401047
13.1008748551431,5.01298960896056
13.1112852015828,5.9553103261981
13.1199999999999,5.30390985199345
13.1219230083639,4.61687054702886
13.132045798197,5.38907699077301
13.1421585928,5.03200633418174
13.1522811161197,4.71234679582774
13.1599999999999,5.41460656415432
13.1623305177501,4.54688567931504
13.1723848314268,5.13869201558815
13.1825308009438,5.68738611239516
13.1931159627654,6.00708885456204
13.1999999999999,5.65307772618487
13.2031554215528,5.22212635523327
13.2131928744759,5.1227149080125
13.2232496631596,5.39938919695011
13.2332786812443,5.62537420516217
13.2399999999999,5.82830909092643
13.2437612954269,5.68508048915813
13.2539078688091,5.98985698413387
13.264074722671,5.32640729196698
13.2744022668665,5.54131034372887
13.2799999999999,5.3415668716722
13.2846178870481,5.55874783631406
13.2948311605834,5.94374319487205
13.3048513025395,5.11516454620074
13.3149422641966,5.264778760767
13.3199999999999,5.97019126673405
13.3251074608054,5.32326813731867
13.3353070652262,4.93637375506935
13.3453662522788,5.46724629697238
13.3556134716673,6.07311207122756
13.3599999999999,5.28088324417614
13.3659409559485,5.1382774821176
13.3762214320943,5.36079074331985
13.3862616551057,5.45968555296338
13.3963007147154,5.16675843630655
13.3999999999999,5.26750033213509
13.4063970432078,6.32284241280614
13.4164493864922,5.31226398640704
13.4265566473534,4.57424498441774
13.4366243749718,5.31755395916385
13.4399999999999,5.2994625497353
13.4466323953321,4.92937507751022
13.4568186748072,4.63363733658799
13.4670853096356,5.23449615664379
13.4771698347753,5.47078897353514
13.4799999999999,5.30800040973913
13.4873494829927,5.17059875966632
13.4973863713192,5.0989853677173
13.5075278436709,5.69287762377905
13.5177061079681,6.62063556287615
13.5199999999999,4.65731597641402
13.5280092757126,4.44129861265301
13.5380847603708,5.11706024538855
13.5481633855083,5.10104109055161
13.5582171116695,5.45444974504975
13.5599999999999,5.62637109710039
13.5682297251056,4.81895915283153
13.5785627818592,4.7724578059057
13.5887101404875,5.07462752204778
13.5988151555916,5.73180251451997
13.5999999999999,5.15465128976776
13.6089068466591,6.23725235482834
13.6190132221194,5.33528559640631
13.6290710852048,5.58418559710376
13.6391160097044,5.30368015381583
13.6399999999999,5.03511741429132
13.649269693438,5.63426874678348
13.6593566568771,4.97791137084248
13.6717950764136,5.37247746006229
13.6799999999999,5.30856045760923
13.6818329587385,4.99018360850294
13.6918509722458,5.57936652742738
13.7018930182877,5.35791534674761
13.7121281212887,5.29821420745689
13.7199999999999,5.21524671740338
13.7222464127068,5.60838425856523
13.7322813302751,5.07544255669491
13.7423955734543,6.26294494504974
13.7524809308911,4.98827646091676
13.7599999999999,5.06412620454945
13.7625533310478,4.84961971279993
13.7726550977654,5.32160857897856
13.7829060786593,5.62647027490669
13.7930390737282,5.42950668877766
13.7999999999999,4.84916680802159
13.8031578662164,5.49274532012234
13.8132807497638,5.15086817014526
13.8234759490015,4.78493258182856
13.8339650092752,5.91056597355997
13.8399999999999,5.24420098216714
13.8439994873055,4.85375054897421
13.854097386288,5.05182261659642
13.8641697124367,5.39508864648464
13.8744470847826,5.54467336855352
13.8799999999999,5.64193479242048
13.8845037297135,5.41608592233762
13.8946037294126,4.7817414100156
13.9048079290138,5.92835390580628
13.9150928328628,5.59864081144009
13.9199999999999,5.23248446927395
13.925215616751,5.47734125028212
13.9354785087876,5.89775882890804
13.9456085775356,5.37473454604052
13.9557662947624,6.24483334405786
13.9599999999999,5.33390136921445
13.9658487803637,5.17322299006116
13.9761442729057,5.20047601536095
13.9861840040524,4.98175636300914
13.9963564094307,5.61567941113245
13.9999999999999,5.40409035624684
14.0063851551503,5.49592840992421
14.0165052421254,5.44554054027974
14.0268544654033,4.94879676620671
14.0369663669956,5.99279280133269
14.0399999999999,5.31266585089424
14.047107855741,5.58064576649643
14.0571460331524,4.64296394004559
14.0673194948193,5.35680239652543
14.0774535135609,6.00357260487287
14.0799999999999,4.8715308946762
14.0874782335044,5.13359893553031
14.0975118574614,5.73875775114117
14.1076577674323,4.86254436054732
14.1177169559537,5.29950348061438
14.1199999999999,5.55581319167157
14.1280097481093,4.60260261650604
14.1380974791766,4.81568294857351
14.14821318101,5.59466265118648
14.1583475511742,4.91114448186584
14.1599999999999,5.34003776751391
14.1685667287868,6.02187035801012
14.1787019150987,5.09770900420453
14.1888469281137,4.34793403625769
14.1990145206529,6.47766728001991
14.1999999999999,5.50550800937902
14.2091644879871,5.10474987612335
14.2193044696624,5.72499171362243
14.2295191791054,6.6529108723498
14.2395463389363,5.14717782172491
14.2399999999999,5.36132182483698
14.2496417839102,4.9090549429659
14.2596705073228,5.20696457781137
14.2698632592454,5.29583831655894
14.2799999999999,5.45562350561671
14.2799999999999,5.45562350561671
14.2901328253705,5.61271277508251
14.3001642755354,5.12525233286651
14.3103024752507,4.69627983227417
14.3199999999999,5.16765478603324
14.3205750117924,5.02654261702777
14.3306307215489,5.66547965216444
14.3408677742836,5.20345626547085
14.3510870983903,5.53419455449935
14.3599999999999,5.52262219228974
14.3611828842759,5.37844114731552
14.3712610094478,5.16037787692074
14.3813712814572,5.23139273841899
14.3914304646446,5.01145735496238
14.3999999999999,5.21444469453741
14.4015050059701,6.47606451205229
14.4116854460833,5.91161644096867
14.421723492325,5.32277840367686
14.4317346598648,5.6991884056111
14.4399999999999,5.1882498074925
14.4418183081888,4.9516978406406
14.451865935522,5.22047065740031
14.4619190368452,5.02746703492983
14.4720603472236,5.50931688678989
14.4799999999999,5.00745701822607
14.4820966311567,5.32374441200794
14.4921230123347,5.4005806904353
14.5022046220243,5.88742791873075
14.5122798563805,5.23572393576427
14.5199999999999,5.23990238101173
14.5223446178042,4.75125683119146
14.5324965420675,5.19641758848278
14.5426492061417,5.13285153851635
14.5529780795356,5.36667733212607
14.5599999999999,5.31202228613561
14.5630553643283,5.41663155116901
14.573091783061,4.88554899052984
14.5831748863371,4.92536732135633
14.593246633816,5.37862831498447
14.5999999999999,4.76757419339298
14.6033438885232,6.23585539234162
14.6133929977421,5.57715737237934
14.6234197562074,5.13810709678181
14.6335610707273,4.80805814248986
14.6399999999999,5.17770685666234
14.6436930655016,5.23299652342719
14.6538525192569,5.49925613901298
14.663981195954,5.31135736266845
14.6745935821915,5.20162482846703
14.6799999999999,5.09453961939309
14.6846053776134,4.81429189781749
14.6947858197022,4.28939493965896
14.7050604606944,5.02488474741946
14.7150843179835,5.41191124115049
14.7199999999999,5.63281446868482
14.7253906961089,5.23040731989134
14.7354854683768,4.93786423100831
14.7455170112445,5.17421745696915
14.7555433252319,4.91035192075452
14.7599999999999,5.31755537739776
14.7655682443262,5.19494534277486
14.7758452889143,6.00465569405849
14.7859178785518,5.13828885231548
14.7960150632945,5.09527421402771
14.7999999999999,5.4020394581457
14.8060649114791,5.22702827942581
14.816241917475,4.85155497760288
14.8264030849002,5.56544083606726
14.8365298544782,4.82352900823235
14.8399999999999,5.25775589975337
14.846914673314,5.72952025184043
14.8571112719351,5.38224287311118
14.8672604455249,5.55416255453173
14.8773972001248,5.96222839834915
14.8799999999999,5.3079480832562
14.8875944124456,5.24267776798195
14.8976171030363,5.3537764967318
14.9076446749419,5.48230072794052
14.9176924622063,5.7188864032073
14.9199999999999,5.38886031413323
14.9281755498355,5.86603587714844
14.9381956032584,5.09467311294661
14.9482529288599,5.35500507570862
14.9584322999385,5.06253722113614
14.9599999999999,5.68200173956938
14.9684738925127,5.33491887446664
14.9784839402384,4.89174827364951
14.988783872526,5.52929775853113
14.9989288505507,5.38498030895688
14.9999999999999,4.86651460492788
15.0089516231338,5.34993356017164
15.0189705184003,6.21022358752219
15.0290072141149,5.17747616321241
15.0391774312804,5.0225482299104
15.0399999999999,5.05659147792442
15.0492894466138,4.89942702714224
15.0594377767315,5.55211109976275
15.0696801150921,5.15823311340342
15.0797617673406,5.35065358252418
15.0799999999999,5.29845918183107
15.0899145401304,5.7981788992274
15.0999856218314,4.50322862484977
15.1100308294521,5.65111538412775
15.1199999999999,5.22970413700303
15.1202342246354,4.66744841131081
15.130264015666,5.49041084685025
15.1403853587537,4.97721423565525
15.1505561594515,4.92143343212374
15.1599999999999,5.59998131859889
15.1610866543764,6.32068158126064
15.171179098609,6.47916871240906
15.181283767673,5.84153003431819
15.1914233433663,5.31711502645816
15.1999999999999,5.20487646088153
15.2019388344523,5.49039121072137
15.2120444280207,4.6256848188507
15.2223098476917,5.568464102527
15.2324582796439,5.86939317119541
15.2399999999999,4.89092492682631
15.2428617107327,4.49744076760751
15.2529656782981,5.12949003003384
15.263009858858,5.20962093987001
15.2731611392415,5.96751499589506
15.2799999999999,5.30096649205022
15.2831629350488,5.21679055783171
15.2931961738928,5.4371582341484
15.3032845772142,5.29213435424654
15.313564138203,4.6360040925296
15.3199999999998,5.34771490398573
15.3236301958023,5.46593786053823
15.3338733104778,5.42728273280562
15.344273829556,5.20047511265469
15.3543056636898,5.04449538360969
15.3599999999998,5.52869876682831
15.3643412387407,4.98972528714313
15.3744022251581,5.41520448204602
15.384895994392,5.11353674910976
15.3951172049441,5.6073253442587
15.3999999999998,5.32266895755434
15.4052622789662,5.01190463027705
15.4153890896736,5.67362385872718
15.4254247206934,5.12445032400088
15.4357525830608,5.48243843285991
15.4399999999998,5.33771226449937
15.4459857460414,5.62932090196082
15.4559955880875,5.85212218888064
15.4662204488808,4.9573683794224
15.4763299036469,4.48715090254061
15.4799999999998,5.14766557369307
15.4867236387637,5.47516057492413
15.4967635242385,4.76754145536562
15.5068154048453,5.3170032909226
15.516946373322,5.27605048750748
15.5199999999998,5.25802055869356
15.5271881060474,4.89235600865942
15.537326883239,5.5067480209868
15.5476007915548,5.01084230308141
15.5576265326397,5.52412859503707
15.5599999999998,5.07059316078343
15.5676914904929,5.38036614449487
15.5781237991833,4.39155536267165
15.5882151809811,5.29296026657753
15.5982657572698,5.26581238607974
15.5999999999998,5.41931893932588
15.608387174719,6.14707681382013
15.6186907948286,5.32677597218967
15.6287115887781,4.71199180618862
15.6387228529448,4.68145684160246
15.6399999999998,5.26323053431273
15.648901195897,4.7327921044787
15.6590580952668,4.49351041185869
15.669238426761,5.44635980773335
15.6793578480435,4.68468421207824
15.6799999999998,5.31191907152666
15.6893803491355,5.06696432354507
15.6994144679397,5.45822420176331
15.7095506804231,5.54597112815073
15.719739141286,4.86665788860315
15.7199999999998,5.06283166400483
15.7297659830601,4.99812293247945
15.740112596706,5.6304301356427
15.750193130189,5.17898373783903
15.7599999999998,5.06240407223649
15.7603260186372,5.35815483873023
15.7705474254688,5.22914223270071
15.7805644687037,4.75020615340785
15.7906891350676,4.27772020067799
15.7999999999998,5.23615325816708
15.801035578952,5.09734797836637
15.8111188337697,5.29702648143269
15.8211549109153,5.50006155166242
15.8311939389008,5.34841227383554
15.8399999999998,5.35120502106783
15.8413707520178,5.7677725489291
15.8514429372298,5.11380075348979
15.8615355911639,5.22473944724325
15.8715710021121,5.32615536141833
15.8799999999998,4.90281496940185
15.8816800422195,5.39862418965872
15.8917118966673,4.87737204404681
15.9018830766068,5.21067020845722
15.9120086803882,6.01859664483614
15.9199999999998,5.1589204374832
15.9221767151889,5.23251198191187
15.9322569402993,5.70079966940425
15.9423023633517,4.93857399631131
15.9524339770044,5.18080491445651
15.9599999999998,5.32697183151639
15.962446819231,5.43026502473804
15.972575409902,5.63674967861236
15.9826270275729,5.03372024527463
15.9928059830414,5.2030520683237
15.9999999999998,5.02742961249758
16.0029813769987,4.68732739663594
16.0133916892058,4.9717366767551
16.0235725918085,6.25110137928205
16.0335797765981,4.6427375269433
16.0399999999998,4.84005037793183
16.0438333645001,5.76831836160917
16.0541457649639,4.63451559314832
16.0642136455726,5.22746001211305
16.0742419489277,4.98162092552954
16.0799999999998,4.90960304232108
16.0842824382161,5.44762772167423
16.0944859490743,5.36760546588653
16.1052069677939,5.01971771637859
16.1153451318648,4.55052824663317
16.1199999999998,5.49057470639018
16.1253607222569,5.75335759442392
16.1353933257117,5.43610810404995
16.1454302948815,5.43788331120697
16.1554547963283,4.85286229692215
16.1599999999998,5.39251486225644
16.1654797164932,5.41599842947052
16.1755165973158,5.4392389751908
16.1856981636756,5.84971693222034
16.1957340483806,5.39029786229216
16.1999999999998,5.26896627711763
16.2058411714179,5.08873755083138
16.2159297754557,6.29748940007042
16.2262047183438,5.34564026900965
16.2362380492968,4.89697190192988
16.2399999999998,5.46945205603632
16.2463915285414,5.78195867909115
16.256474272509,5.27265676826452
16.2666220885621,4.66687570822196
16.2766990003268,5.29529149999869
16.2799999999998,5.26745805001821
16.2867521373768,5.63186435979371
16.2968136730241,5.27372221602652
16.30683452707,5.41724439836994
16.3169103008175,5.03233311345282
16.3199999999998,5.36498381116902
16.3269993012547,5.5385665083836
16.3373281228025,4.63276855292273
16.3474154145949,5.35674814502555
16.3576481021495,4.94952516724232
16.3599999999998,5.13742831370821
16.3678034666709,4.58328495111083
16.3778987516983,5.11659635962652
16.3879541969919,4.97248348861728
16.3979976558356,6.51797701679941
16.3999999999998,5.0960616010412
16.4080626445572,5.25180776949389
16.4180725620234,5.69560914749303
16.4281002555414,5.00457482825192
16.4382127181974,5.53720139532131
16.4399999999998,5.21626894974629
16.4484266229405,5.571173646318
16.4584943188602,5.43713035422789
16.4687299918793,5.22695542600104
16.4787663929828,4.99767226266639
16.4799999999998,5.21779246129143
16.4890112274561,5.87221935269506
16.4990283956426,4.92907724872391
16.5090913487591,6.74802853099901
16.5191259992764,4.86408107543964
16.5199999999998,5.46983832718472
16.5292746541366,4.87873808422314
16.5393309133447,5.09821596732893
16.5493615133743,5.18146486106542
16.5594813776742,5.26603309725489
16.5599999999998,5.36669005062551
16.5698076674931,5.05803799558176
16.5799785762559,4.95815503566176
16.5899808441073,4.98095550385998
16.5999999999998,5.26424543082019
16.6004062160137,4.79481226133019
16.6104866677907,5.28188787861038
16.620883582148,5.80423300608147
16.6309686206933,4.65912076003154
16.6399999999998,5.18033379450922
16.6410064910895,5.51877132130647
16.6510490817814,5.2590656904744
16.6612600412877,5.67916884862654
16.671284979466,5.16371994937906
16.6799999999998,5.1946310157854
16.6813443775913,5.72853591943908
16.6914736589073,4.97421381164591
16.7015752966893,5.11165302117677
16.7120656210699,4.29973841312499
16.7199999999998,5.38619045716327
16.7221550005584,5.39012409102424
16.7323768725006,5.74821207040714
16.7427682427463,5.40470721723159
16.7528526462669,5.29458241652475
16.7599999999998,5.34186639428195
16.7629091712545,5.22128710870422
16.7730026313964,5.863081894928
16.7833012745566,5.33902105411369
16.7934070577809,5.06519711094657
16.7999999999998,5.18393438128385
16.8034339574771,4.98070055548316
16.8135811091075,5.29207286226338
16.8237501416245,5.16012962019007
16.8337915239173,5.67795201270935
16.8399999999998,4.85859145511862
16.8438171083771,4.92645186023263
16.8539654690507,5.84683260405999
16.8640098887731,5.05958560673895
16.8742431009339,5.20780600281256
16.8799999999998,4.99970588233425
16.8844532052345,6.01434042196723
16.8945933256861,5.24730849144109
16.9051311327152,5.50876685994778
16.9152836569616,5.90526062443388
16.9199999999998,5.31383424475939
16.9253000040886,5.42145292150808
16.935533419742,5.43909845730625
16.945549592816,5.29327501543762
16.9555790973582,4.85236596051793
16.9599999999998,5.32502397079063
16.9660852315092,4.64200770052275
16.9761322333695,4.95430064476209
16.9863318549115,5.8448484199503
16.996357506808,5.30705544651436
16.9999999999998,5.06234594390654
17.0063902961725,5.47282395003004
17.016411556682,5.26518345421158
17.0264390226159,4.99075187513356
17.0365591880922,5.50551905995867
17.0399999999998,5.17420318155737
17.04673071973,5.81778073777731
17.0568228754915,4.46890687101457
17.0669104847233,5.34334887658604
17.0769263244995,5.04959536426846
17.0799999999998,5.20235049644825
17.0869907899112,5.08266034739947
17.0973268062057,5.85708303250673
17.1077891222776,5.57923110650445
17.1179680233755,5.85880820342062
17.1199999999998,5.22033711820968
17.1280509896769,5.49215047205984
17.1380943671247,5.04031240104676
17.1484532141096,5.50060443601984
17.1584837501191,4.76606222912842
17.1599999999998,5.42663755243534
17.1686880000558,4.70523542686727
17.1787181247645,5.41823407950572
17.1887641872742,5.34062874807866
17.198830035481,5.60601618098172
17.1999999999998,5.23139787701306
17.2088583950242,4.99138938612757
17.2191383025659,5.42858991068445
17.2291696910013,5.25528344935784
17.2392248685325,5.08115888408888
17.2399999999998,5.24992169125318
17.2494072017244,5.86228292062914
17.2595976376781,5.42302265527007
17.2697470938594,5.19652965919897
17.2799422401313,5.84461768107266
17.2799999999998,5.37206144751846
17.2901951153996,5.71031758833541
17.3002195953121,5.27475508729094
17.310424601924,5.55802878047238
17.3199999999998,5.21482629030707
17.3206358630588,4.44669104049119
17.3309016300648,5.91123029682294
17.3409396531746,5.23431484630962
17.3515581547638,5.32092729912409
17.3599999999998,5.4317012656205
17.3616452158772,5.01175690808483
17.3717693382743,5.33768971560303
17.381941017182,5.58046288884154
17.3921655527173,4.27715037832782
17.3999999999998,5.25730480159206
17.4021869810553,5.04405789911474
17.4122043991397,5.06254742913335
17.4224491692953,5.44110702177261
17.4324510623147,5.23529645128704
17.4399999999998,5.12701729824098
17.4425192411079,5.25480830024942
17.4526055443975,5.23294782867961
17.4629310229306,5.9444051162513
17.4731011495246,5.24900777470692
17.4799999999998,5.30133228198277
17.4832378584974,5.61211192238341
17.493396024742,4.69887133524595
17.5037474582468,5.58202045217503
17.5138978610405,5.79474030620773
17.5199999999998,5.02573267059427
17.5239529975072,5.1388165252108
17.5340581440406,4.46751025521439
17.5442482159694,5.26329878971182
17.5543712713493,5.33007246716256
17.5599999999998,5.18863948575203
17.5643826622454,5.00821315474844
17.5744085511223,5.42292625921381
17.5844340672028,5.30808600833966
17.5946362591373,5.22997224329486
17.5999999999998,5.24339903924765
17.6048163340923,5.41537797983682
17.6148207745462,5.20609999479263
17.6250329400028,5.45994247842608
17.6351515411734,4.73568000890626
17.6399999999998,5.21695485447608
17.645326515777,5.37620977720941
17.6555170743595,5.58016547722377
17.665558009458,5.35240662728469
17.6757088984896,6.30352555182165
17.6799999999998,5.04329592015789
17.6859587391753,5.028254189873
17.6959845241395,5.42794254334264
17.7060896186539,4.83992788040349
17.7161832358466,5.060324806508
17.7199999999998,5.12716231598398
17.7262962079013,5.83130849681792
17.7365749666465,6.31015553819857
17.7465962626908,4.90025322086538
17.7566303120333,5.11252241335692
17.7599999999998,5.0901517346683
17.766659124022,5.45287321397349
17.7766910826703,4.92658124930872
17.7867895554078,4.45065041979073
17.796857432347,5.41494830456336
17.7999999999998,4.79010594078334
17.8074605576647,4.58865600150359
17.8178877079745,5.21644777956901
17.8279263194321,5.38620942283326
17.8380363378677,5.07619471472031
17.8399999999998,5.01576635177004
17.8482920989755,5.39870676903462
17.8583200592614,5.06126070882473
17.8684118938306,6.02235839535892
17.8784271417833,5.01862935028675
17.8799999999998,5.16185058882683
17.8885330986473,4.73473923116733
17.8985612692855,5.04375840776471
17.9089294851629,5.41398950919557
17.9190750941749,4.70243125291097
17.9199999999998,5.20608006314927
17.9292598535209,5.19581689212893
17.9393560493383,4.61383960585435
17.9494385334156,4.91441573399221
17.9595961645563,5.30452924324575
17.9599999999998,4.96439230632634
17.9696824215861,6.23240853164977
17.9797124200076,5.42497382013664
17.9897410847759,5.14806182669685
17.9997795785489,5.51131926664508
17.9999999999998,5.14710738106234
18.0098717423202,4.90349785376416
18.0198916371835,4.8970179346661
18.0299458684065,5.41344190038575
18.039975974763,5.30363057267418
18.0399999999998,5.34014471420947
18.0503020986935,4.60706181796717
18.060437173161,5.73538089356397
18.0704530407814,5.87328682865554
18.0799999999998,5.28735787757389
18.08079237132,4.99875139820504
18.0908279378301,5.07012922550283
18.1010156350701,5.86573486563504
18.111115577046,5.89298647281664
18.1199999999998,4.76651994215326
18.1212180053393,5.2063961265064
18.1314554638589,5.87556166725424
18.1416264901672,5.37724627299776
18.1516525017288,5.13749703035313
18.1599999999998,5.21192412856699
18.1616730163546,5.38507917473096
18.1717028518641,4.9789936843685
18.1817169689898,5.6386180976262
18.1923381483313,4.75978979831115
18.1999999999998,5.07111516019086
18.2027722050139,4.59071518469235
18.2128784801157,6.02804272620656
18.2229044008014,5.08979920735472
18.2329454684532,5.50824536083716
18.2399999999998,5.23355234418493
18.2429643011417,5.49229778432213
18.25329707593,5.1237108613664
18.2633217998731,5.55854211663532
18.2735599709214,4.97178802887397
18.2799999999998,5.10779925353889
18.2836480373112,4.38206548211343
18.2937827365773,6.05608888019715
18.3039238888299,5.33484651483507
18.3140981547844,4.57645436876181
18.3199999999998,5.22135437738218
18.3241491325075,4.66716932812291
18.3342307958478,5.05218684972418
18.3444614505079,4.9726389728084
18.3545807684944,4.66571538715067
18.3599999999998,5.2592444405502
18.3653145015244,5.19126827138301
18.375365337191,5.64505709409158
18.3855192486919,4.63526701452751
18.3956449912859,5.65045018487033
18.3999999999998,4.94224602818697
18.4057283420383,4.81816387117959
18.4160776041422,5.2096630726403
18.4263346444655,5.45466617322176
18.436392367326,4.95186648430481
18.4399999999998,4.9680251746602
18.4464965991871,5.48380570732859
18.4565213892747,5.37410997505247
18.4668068983863,5.1317985455318
18.476834286835,5.09724926461147
18.4799999999998,5.31838461190905
18.4870104594279,5.83528885653629
18.4970558655885,4.88609383344882
18.5070658110308,4.73307788965199
18.5173169225425,5.68489777374991
18.5199999999998,5.25295099882437
18.5274945409709,4.6468637926098
18.5375102665255,4.6740116741299
18.5476425187257,5.47438313366782
18.5576607092293,4.76916951746124
18.5599999999998,5.15033839254487
18.5677050801428,4.76896329820805
18.5780541985445,5.09571432779961
18.5880932077816,5.30334437956141
18.5981254732015,5.4226651259647
18.5999999999998,5.02358825733423
18.608159867432,5.51533561946268
18.6185770278308,5.81950872174662
18.62869840785,5.53053661390804
18.6388208182491,4.88199436041343
18.6399999999998,5.02623631248137
18.6493679393823,5.8707129233182
18.6593731125156,5.27952872565338
18.6694172132562,4.8781463949374
18.6795703545151,4.56415741239108
18.6799999999998,4.93550830798019
18.6896946089764,5.18176893883237
18.6998702284831,5.54989746424205
18.7103661747958,4.93929155225387
18.7199999999998,5.35527354503537
18.7206156630836,5.07398239187376
18.7307333137738,4.77422393989451
18.7408419639395,5.373256163534
18.7509303818486,5.13084456402021
18.7599999999998,5.1941219199604
18.7610637193343,5.18692195545075
18.7711470281529,5.2714266150937
18.7811623118647,5.68133687077293
18.7916055577987,4.88646974090278
18.7999999999998,5.40379762150567
18.8017000219667,5.48707720303291
18.8118616823862,5.2302227857531
18.8219088291511,5.32080803964451
18.8321134933981,4.91584460560341
18.8399999999998,5.20699875345719
18.8422802423556,5.82339383619624
18.8523217359359,4.86995216775836
18.8624221566684,5.0782020267205
18.8725583726824,4.89901813900042
18.8799999999998,5.40012562179164
18.8828887196402,5.41686256467287
18.8929958522306,5.50675832863336
18.9030291431861,5.10256625740025
18.9133378177291,5.6266861179238
18.9199999999998,5.21427174955673
18.9236233179187,4.84756090953951
18.9336882846886,4.96668954763838
18.9439616893382,5.48797010277268
18.9539964934293,6.4642395271984
18.9599999999998,5.22528407671476
18.9640321736127,4.86164238581658
18.9741165161275,6.49305075838663
18.9841524435273,5.41710435636932
18.9943526586484,4.69474982231225
18.9999999999998,5.61975083087414
19.0043636057124,4.55563375917208
19.0144084095082,5.37540949226002
19.0245233572858,5.42720718999434
19.0346498606108,6.30604235620104
19.0399999999998,5.25590570843495
19.0448072344117,4.5888812172147
19.0549795397945,6.20134861350654
19.0652830186728,5.74536073115618
19.07539739449,5.68122935314332
19.0799999999998,5.14756895419934
19.0857783044794,5.05369001483848
19.0958064924093,5.21034116735319
19.1059554338579,5.14601309656991
19.1160612108552,4.79653121298887
19.1199999999998,5.09454801013905
19.12609438188,4.94059807526395
19.1361863570885,6.12010294442919
19.1462892210082,5.17376635090068
19.1566273954423,5.72426449018725
19.1599999999998,5.00296888914264
19.1667334794306,4.83386873385602
19.1768518697258,4.42859118483414
19.1871735768673,4.47802173877085
19.1971934556157,4.93865643097631
19.1999999999998,4.8545176022225
19.2072267111185,4.90729068258053
19.2172463800123,5.45283567891335
19.2272750472156,4.91094049481251
19.23751491415,5.86368051006593
19.2399999999998,5.02313736871266
19.247531080866,4.99738503515687
19.2578968355582,5.3708737142136
19.2679920922421,5.99692386270306
19.2779994344021,5.67809435549703
19.2799999999998,4.99342704194371
19.2881429294779,5.84310611741875
19.2981744982319,4.56450370923895
19.3082873889736,4.55272393323373
19.3183098292061,5.04887767416042
19.3199999999998,4.95063442452247
19.3284585087782,5.1312279543958
19.3385397577158,4.95461414958364
19.3487476158636,4.85354590528583
19.3588626433494,4.62347903842079
19.3599999999998,4.97131559008045
19.3688918063209,4.91721375902886
19.3791079069533,5.28678903947192
19.3893625177584,5.71975464187615
19.3994305006122,5.17557760859232
19.3999999999998,5.35277046512613
19.4094638436001,5.0199394069285
19.4195050513816,5.18436263297902
19.4296283443971,6.13836295698374
19.4396659149383,5.44488584043592
19.4399999999998,5.2614371720328
19.4498578962602,6.12380146453745
19.4602442708066,5.92564959461346
19.4702689478298,4.77605449132765
19.4799999999998,5.2188084818541
19.4804230582352,5.41115431225211
19.4905151151767,5.05000980297242
19.5006662008098,6.39721572998479
19.5108588275247,6.73446637680864
19.5199999999998,5.19097249388355
19.5210927646658,5.25392751076461
19.5311131394085,5.41482289810466
19.5412376571883,4.86763252472528
19.5513111507293,5.21827264022587
19.5599999999998,4.90895089055799
19.5614531898899,5.55061671577814
19.5715069927994,5.21974211464669
19.5816952095614,4.98090866788802
19.5918806084902,5.08394724897276
19.5999999999998,5.57918240455437
19.6019073592168,4.8903803621951
19.6119182402577,5.57177374813227
19.6219584509582,5.71752810431489
19.6320918566148,5.29779345095673
19.6399999999998,5.19013974585212
19.6421349044867,5.70878986551683
19.6522360428442,4.72924847562849
19.6623080342602,5.60039566793367
19.6724014055185,4.35920976130527
19.6799999999998,5.11722508582672
19.6825517441673,5.93842089547965
19.6926592608453,4.57161426902741
19.702698621939,4.92656460092474
19.7127950343495,5.2756284262745
19.7199999999998,5.52339611712672
19.722824694815,5.29586698219239
19.7328558764611,4.95627579904231
19.7430349861219,4.58625034496037
19.7530717290016,4.9083047126513
19.7599999999998,5.53004157210217
19.7631938746604,4.43008402014566
19.7732104471785,5.10851816425926
19.7834406163122,5.36479387399542
19.7936837121033,5.64363465559704
19.7999999999998,5.08344681230495
19.8037103690747,5.15078299951877
19.8137349079122,5.32256973400294
19.8238855310519,5.07081920340486
19.8340407953168,6.25271598241422
19.8399999999998,5.31710021705677
19.8441429958389,5.27281908988379
19.8542753378502,5.52030031026404
19.864534493678,5.42733162313451
19.8747083735624,4.39399499197369
19.8799999999998,5.35697524420051
19.8852525975467,5.20707225881972
19.8953784135747,4.40498856019264
19.9054560643721,5.27035304865723
19.9156387503941,5.07492359237724
19.9199999999998,5.13572065727096
19.925718996536,4.4507087452186
19.9357193790941,5.17937970929397
19.9457741289279,5.52961682945061
19.9558006362392,5.4841034311249
19.9599999999998,5.26393014785496
19.9658846458991,5.30917529094008
19.975948131679,5.32862919103885
19.9859630273101,5.00074673572607
19.9961052021996,4.87261188910518
20,5.17774756302186
